{"cameraMode":{"drawMode":0,"name":"Shaded","section":"Shading Mode"},"sceneLighting":true,"audioPlay":false,"sceneViewState":{"m_AlwaysRefresh":false,"showFog":true,"showSkybox":true,"showFlares":true,"showImageEffects":true,"showParticleSystems":true,"showVisualEffectGraphs":true,"m_FxEnabled":true},"in2DMode":false,"pivot":{"x":506.88226318359377,"y":74.00032043457031,"z":1147.6153564453125},"rotation":{"x":-0.012310203164815903,"y":0.014965933747589589,"z":-0.00016910870908759534,"w":-0.9998466968536377},"size":913.8316650390625,"orthographic":false}