{"cameraMode":{"drawMode":0,"name":"Shaded","section":"Shading Mode"},"sceneLighting":true,"audioPlay":false,"sceneViewState":{"m_AlwaysRefresh":false,"showFog":true,"showSkybox":true,"showFlares":true,"showImageEffects":true,"showParticleSystems":true,"showVisualEffectGraphs":true,"m_FxEnabled":true},"in2DMode":false,"pivot":{"x":-12.90413761138916,"y":8.497204780578614,"z":-16.738088607788087},"rotation":{"x":-0.11048569530248642,"y":-0.29073041677474978,"z":0.03385908901691437,"w":-0.949835479259491},"size":0.14029598236083985,"orthographic":false}