{"cameraMode":{"drawMode":0,"name":"Shaded","section":"Shading Mode"},"sceneLighting":true,"audioPlay":false,"sceneViewState":{"m_AlwaysRefresh":false,"showFog":true,"showSkybox":true,"showFlares":true,"showImageEffects":true,"showParticleSystems":true,"showVisualEffectGraphs":true,"m_FxEnabled":true},"in2DMode":false,"pivot":{"x":10.727012634277344,"y":-11.49702262878418,"z":45.96851348876953},"rotation":{"x":-0.24235373735427857,"y":-0.27238669991493227,"z":0.07105423510074616,"w":-0.9284882545471191},"size":39.918880462646487,"orthographic":false}